<?xml version="1.0" encoding="utf-8"?>
<extension version="3.1" type="component" method="upgrade">
	<name>Saperu</name>
	<author>Sape.ru</author>
	<creationDate>2017</creationDate>
	<copyright>Copyright</copyright>
	<license>GNU</license>
	<authorEmail>support@sape.ru</authorEmail>
	<authorUrl>https://www.sape.ru</authorUrl>
	<version>0.0.3</version>
	<description>Sape.ru Интеграция</description>
	<files folder="site">
		<filename>index.html</filename>
		<filename>saperu.php</filename>
	</files>
	<update>
		<schemas>
			<schemapath type="mysql">sql/updates</schemapath>
		</schemas>
	</update>
	<administration>
		<!-- Administration Menu Section -->
		<menu link='index.php?option=com_saperu'>Sape.ru</menu>
		<!-- Administration Main File Copy Section -->
		<!-- Note the folder attribute: This attribute describes the folder
			to copy FROM in the package to install therefore files copied
			in this section are copied from /admin/ in the package -->
		<files folder="admin">
			<filename>access.xml</filename>
			<filename>config.xml</filename>
			<filename>controller.php</filename>
			<filename>index.html</filename>
			<filename>saperu.php</filename>

			<folder>controllers</folder>
			<folder>helpers</folder>
			<folder>language</folder>
			<folder>models</folder>
			<folder>tables</folder>
			<folder>views</folder>
			<folder>sql</folder>
		</files>

		<languages folder="admin/language">
			<language tag="ru-RU">ru-RU/ru-RU.com_saperu.ini</language>
			<language tag="ru-RU">ru-RU/ru-RU.com_saperu.sys.ini</language>
			<language tag="en-GB">en-GB/en-GB.com_saperu.ini</language>
			<language tag="en-GB">en-GB/en-GB.com_saperu.sys.ini</language>
		</languages>

	</administration>
	<scriptfile>install.php</scriptfile>
</extension>